review_id,review_text,sentiment
1,"Absolutely fantastic product! Works far beyond expectations. Highly recommend."
2,"Not bad, serves its purpose okay."
3,"Meets all expectations. No surprises, no disappointments."
4,"Disappointed with the quality. Not what I hoped for."
5,"Don't waste your money. It's just not worth it."
6,"Great value for the cost, would buy again without hesitation."
7,"Performed decently, but a bit louder than I anticipated."
8,"As expected, nothing exceptional but nothing terrible either."
9,"Extremely poor build quality. Broke after the first use."
10,"In love with this. It's perfect for everyday use."
11,"Not a standout, but good for the price."
12,"Didn't find it particularly useful. Didn't meet my needs."
13,"Absolute garbage. Doesn't function as advertised."
14,"Exceptional performance, exceeded all my expectations."
15,"Satisfactory. Does the job, nothing more."
16,"Terrible customer service experience. Will not shop here again."
17,"Delighted! Couldn't be happier with this purchase."
18,"Good but not great. Average item."
19,"Worst decision ever. Don't recommend under any circumstances."
20,"Amazing!! Love everything about this product."
21,"Decent, could be better."
22,"Exactly as described. No complaints, no praises."
23,"Broken on arrival. What a letdown."
24,"Runs smoothly, no issues so far."
25,"Just okay. Nothing special."
26,"Terrible durability. Cheaply made."
27,"Love it! Best thing I've bought this year."
28,"It's usable. Would upgrade if possible."
29,"A complete waste of time and money."
30,"Great product, highly recommend!"
31,"Meets basic requirements."
32,"Poor design. Functional but not user-friendly."
33,"Awesome! So glad I bought this."
34,"Not terrible for the price."
35,"As expected, nothing extraordinary."
36,"Awful. Avoid at all costs."
37,"Exceeded my expectations in every way."
38,"Neither good nor bad, just mediocre."
39,"Faults are too many to ignore."
40,"Love this! Wish all products were this good."
41,"Does what it's supposed to do."
42,"A big disappointment. Doesn't deliver what was promised."
43,"Top-notch quality and performance."
44,"Just an average item."
45,"Doesn't live up to the hype."
46,"Best purchase ever! So thrilled."
47,"Functional but lacks polish."
48,"A real stinker. Avoid!"
49,"Impressed! Exceeds all my hopes."
50,"It's okay. I guess that's all you can ask for."